{
  "train": {
    "acc": 0.7059118236472945,
    "bal_acc": 0.7055944055944056,
    "f1_macro": 0.7024595769557094,
    "f1_weighted": 0.7025559187238467,
    "auroc": 0.7665058559530922,
    "cm": [
      [
        597,
        398
      ],
      [
        189,
        812
      ]
    ],
    "loss": 0.5727273747324944
  },
  "val": {
    "acc": 0.5187891440501043,
    "bal_acc": 0.5228501228501229,
    "f1_macro": 0.5187634505265797,
    "f1_weighted": 0.5184771512644464,
    "auroc": 0.5022069147069147,
    "cm": [
      [
        252,
        188
      ],
      [
        273,
        245
      ]
    ],
    "loss": 0.8350138142704964
  },
  "epoch": 18
}