{
  "train": {
    "acc": 0.8992999461497039,
    "bal_acc": 0.8969167216952152,
    "f1_macro": 0.8975160723687472,
    "f1_weighted": 0.8992198538574977,
    "auroc": 0.9554034498700972,
    "cm": [
      [
        1425,
        198
      ],
      [
        176,
        1915
      ]
    ],
    "loss": 0.32320444683233895
  },
  "val": {
    "acc": 0.8460304731355253,
    "bal_acc": 0.8020629381926271,
    "f1_macro": 0.8048195128313823,
    "f1_weighted": 0.8453112591686119,
    "auroc": 0.885147491195761,
    "cm": [
      [
        241,
        101
      ],
      [
        91,
        814
      ]
    ],
    "loss": 0.4462137818336487
  },
  "epoch": 12
}