{
  "train": {
    "acc": 0.7044088176352705,
    "bal_acc": 0.7041350609189805,
    "f1_macro": 0.7018195076745446,
    "f1_weighted": 0.7019030338023099,
    "auroc": 0.7676213234002178,
    "cm": [
      [
        610,
        385
      ],
      [
        205,
        796
      ]
    ],
    "loss": 0.5704122111201286
  },
  "val": {
    "acc": 0.5104384133611691,
    "bal_acc": 0.5072569322569322,
    "f1_macro": 0.5072551503287327,
    "f1_weighted": 0.5104797544395123,
    "auroc": 0.5000087750087749,
    "cm": [
      [
        206,
        234
      ],
      [
        235,
        283
      ]
    ],
    "loss": 0.804679773747921
  },
  "epoch": 20
}