{
  "train": {
    "acc": 0.9044157242864835,
    "bal_acc": 0.9024253225026542,
    "f1_macro": 0.9027851562053569,
    "f1_weighted": 0.9043716548788856,
    "auroc": 0.9606478841780915,
    "cm": [
      [
        1439,
        184
      ],
      [
        171,
        1920
      ]
    ],
    "loss": 0.322394622862339
  },
  "val": {
    "acc": 0.8147554129911788,
    "bal_acc": 0.8014345255403703,
    "f1_macro": 0.7812554817692019,
    "f1_weighted": 0.8199039679945564,
    "auroc": 0.8832541759555427,
    "cm": [
      [
        264,
        78
      ],
      [
        153,
        752
      ]
    ],
    "loss": 0.4997046709060669
  },
  "epoch": 17
}