{
  "train": {
    "acc": 0.6311254711900915,
    "bal_acc": 0.6094132763080695,
    "f1_macro": 0.507296395027438,
    "f1_weighted": 0.6799375065919877,
    "cm": [
      [
        806,
        474,
        291,
        83
      ],
      [
        47,
        113,
        29,
        5
      ],
      [
        35,
        28,
        140,
        40
      ],
      [
        51,
        32,
        255,
        1285
      ]
    ],
    "loss": 1.1282165626348075
  },
  "val": {
    "acc": 0.4843624699278268,
    "bal_acc": 0.5672240721122028,
    "f1_macro": 0.5218590857616758,
    "f1_weighted": 0.5201112525415824,
    "cm": [
      [
        216,
        15,
        363,
        79
      ],
      [
        24,
        64,
        17,
        0
      ],
      [
        15,
        1,
        79,
        32
      ],
      [
        24,
        0,
        73,
        245
      ]
    ],
    "loss": 1.2546801328659059
  },
  "epoch": 9
}