{
  "train": {
    "acc": 0.6787829833064082,
    "bal_acc": 0.6451021080744201,
    "f1_macro": 0.548506360551327,
    "f1_weighted": 0.719593048091595,
    "cm": [
      [
        942,
        359,
        279,
        74
      ],
      [
        46,
        120,
        23,
        5
      ],
      [
        40,
        22,
        141,
        40
      ],
      [
        67,
        23,
        215,
        1318
      ]
    ],
    "loss": 1.0903671202013048
  },
  "val": {
    "acc": 0.45629510825982356,
    "bal_acc": 0.5924898352083873,
    "f1_macro": 0.496373130041032,
    "f1_weighted": 0.4946479189116467,
    "cm": [
      [
        187,
        62,
        395,
        29
      ],
      [
        11,
        81,
        13,
        0
      ],
      [
        13,
        8,
        89,
        17
      ],
      [
        18,
        5,
        107,
        212
      ]
    ],
    "loss": 1.1909750789403915
  },
  "epoch": 15
}